{
  "Workflows": [
    {
      "Path": null,
      "SortBy": 0,
      "VariablesSectionElementsOrder": [],
      "ArgumentsSectionElementsOrder": null,
      "ConstantsSectionElementsOrder": null,
      "AddedNamespaces": null
    },
    {
      "Path": "Main.xaml",
      "SortBy": 0,
      "VariablesSectionElementsOrder": [
        "NicheToSearch&Sequence_2",
        "ListingIndexName&Sequence_2",
        "ListingIndexNumber&Sequence_2",
        "NoResultsFound&Sequence_2",
        "LeadsOutput&Sequence_2",
        "CompanyName&Sequence_5",
        "ContactNumber&Sequence_5"
      ],
      "ArgumentsSectionElementsOrder": [],
      "ConstantsSectionElementsOrder": null,
      "AddedNamespaces": null
    }
  ]
}